<?xml version="1.0" encoding="UTF-8" standalone="yes"?>
<addon id="repository.videonfps" name="video khs" version="0.0.1" provider-name="khs">
	<extension point="xbmc.addon.repository" name="video khs">
		<dir>
			<info compressed="false">https://raw.githubusercontent.com/noobsandnerds/modules4all/master/zips/addons.xml</info>
			<checksum>https://raw.githubusercontent.com/noobsandnerds/modules4all/master/zips/addons.xml.md5</checksum>
			<datadir zip="true">https://raw.githubusercontent.com/noobsandnerds/modules4all/master/zips/</datadir>
		</dir>
		<info compressed="false">https://raw.githubusercontent.com/kens13/repository.videonfps/master/zips/addons.xml</info>
		<checksum>https://raw.githubusercontent.com/kens13/repository.videonfps/master/zips/addons.xml.md5</checksum>
		<datadir zip="true">https://raw.githubusercontent.com/kens13/repository.videonfps/master/zips/</datadir>
	</extension>
	<extension point="xbmc.addon.metadata">
		<summary lang="en">Quick one liner about the repository</summary>
		<description lang="en">Full repository description.</description>
		<genre>devtools,usa</genre>
	</extension>
</addon>